Date,Київ,Київ інфл.,Голосіївський,Голосіївський інфл.,Дарницький,Дарницький інфл.,Деснянський,Деснянський інфл.,Дніпровський,Дніпровський інфл.,Оболонський,Оболонський інфл.,Печерський,Печерський інфл.,Подільський,Подільський інфл.,Святошинський,Святошинський інфл.,Солом'янський,Солом'янський інфл.,Шевченківський,Шевченківський інфл.
2003-01-01,568,568,560,560,454,454,411,411,487,487,545,545,826,826,558,558,510,510,560,560,749,749
2003-02-01,589,584,570,566,461,457,419,416,500,496,566,562,900,893,573,569,522,518,574,570,780,774
2003-03-01,610,602,600,592,486,479,440,434,521,514,583,575,911,899,589,581,546,539,586,578,803,792
2003-04-01,632,625,611,604,512,506,455,450,536,530,611,604,922,911,620,613,555,549,625,618,836,826
2003-05-01,644,638,640,634,517,512,468,463,554,549,620,614,936,927,635,629,580,574,626,620,840,832
2003-06-01,664,657,651,644,533,527,480,475,572,566,644,637,959,949,659,652,602,595,650,643,870,861
2003-07-01,675,667,677,669,539,533,488,482,578,571,647,639,970,958,663,655,606,599,653,645,900,889
2003-08-01,695,684,680,669,548,539,503,495,598,589,683,672,1002,986,700,689,634,624,679,668,908,894
2003-09-01,739,725,720,706,590,579,528,518,625,613,700,687,1092,1071,717,703,655,643,734,720,984,965
2003-10-01,771,757,758,744,614,603,571,561,670,658,733,720,1117,1097,761,747,695,683,757,743,1012,994
2003-11-01,805,793,805,793,641,631,578,569,684,674,784,772,1155,1137,784,772,717,706,805,793,1065,1049
2003-12-01,847,835,822,810,659,650,626,617,733,723,820,808,1201,1184,842,830,780,769,851,839,1133,1117
2004-01-01,882,865,870,854,704,691,630,618,760,746,845,829,1281,1257,863,847,790,775,879,862,1160,1138
2004-02-01,890,868,888,867,706,689,638,623,750,732,871,850,1285,1254,866,845,800,781,888,867,1175,1147
2004-03-01,913,885,900,873,730,708,653,633,782,758,875,848,1327,1287,904,877,819,794,899,872,1203,1166
2004-04-01,924,893,909,879,744,719,662,640,794,767,904,874,1322,1278,919,888,830,802,907,877,1211,1170
2004-05-01,935,898,915,879,751,722,679,652,800,769,925,889,1324,1272,923,887,828,796,920,884,1246,1197
2004-06-01,953,913,945,905,768,736,684,655,812,778,966,925,1323,1267,946,906,837,802,938,898,1269,1215
2004-07-01,970,931,971,932,777,745,690,662,833,799,979,939,1326,1272,981,941,862,827,950,911,1305,1252
2004-08-01,991,950,999,958,780,748,701,672,841,806,1004,963,1351,1295,1000,959,875,839,968,928,1374,1317
2004-09-01,1012,968,1007,964,789,755,733,701,864,827,1027,983,1404,1343,1018,974,888,850,981,939,1391,1331
2004-10-01,1029,979,1026,977,801,762,748,712,869,827,1038,988,1475,1404,1029,979,894,851,982,935,1405,1337
2004-11-01,1050,999,1035,985,812,772,759,722,875,832,1051,1000,1525,1451,1031,981,950,904,1007,958,1422,1353
2004-12-01,1084,1035,1049,1002,853,814,777,742,911,870,1060,1012,1580,1509,1080,1031,980,936,1052,1004,1457,1391
2005-01-01,1117,1064,1100,1048,903,860,811,773,945,900,1090,1039,1610,1534,1110,1058,1002,955,1099,1047,1460,1391
2005-02-01,1156,1095,1150,1089,944,894,840,796,978,926,1110,1052,1659,1572,1137,1077,1095,1037,1114,1055,1488,1410
2005-03-01,1190,1119,1160,1090,978,919,888,835,1018,957,1128,1060,1722,1619,1156,1087,1126,1058,1159,1089,1506,1416
2005-04-01,1259,1176,1244,1162,1072,1001,914,853,1055,985,1190,1111,1792,1673,1261,1177,1200,1120,1198,1119,1592,1486
2005-05-01,1321,1235,1287,1203,1114,1041,944,882,1100,1028,1251,1169,1900,1776,1282,1198,1268,1185,1285,1201,1684,1574
2005-06-01,1402,1310,1329,1242,1200,1121,989,924,1190,1112,1328,1241,1945,1817,1359,1270,1364,1274,1394,1302,1771,1654
2005-07-01,1465,1362,1412,1313,1256,1168,1036,963,1227,1141,1406,1307,2060,1916,1407,1308,1423,1323,1411,1312,1887,1755
2005-08-01,1555,1439,1530,1415,1328,1229,1113,1030,1279,1183,1476,1366,2265,2095,1492,1380,1457,1348,1523,1409,1950,1804
2005-09-01,1642,1501,1663,1520,1347,1231,1168,1068,1345,1229,1584,1448,2451,2240,1556,1422,1513,1383,1567,1432,2100,1919
2005-10-01,1735,1583,1757,1603,1379,1258,1231,1123,1420,1295,1640,1496,2682,2446,1671,1524,1529,1395,1673,1526,2259,2061
2005-11-01,1762,1620,1760,1618,1386,1274,1257,1156,1500,1379,1685,1549,2697,2480,1700,1563,1547,1423,1700,1563,2291,2107
2005-12-01,1782,1645,1771,1635,1400,1293,1288,1189,1511,1395,1703,1572,2689,2483,1722,1590,1580,1459,1762,1627,2318,2140
2006-01-01,1804,1653,1792,1642,1430,1310,1304,1195,1539,1410,1711,1568,2680,2456,1769,1621,1600,1466,1778,1629,2360,2162
2006-02-01,1833,1676,1807,1652,1464,1339,1326,1213,1570,1436,1757,1607,2681,2452,1800,1646,1644,1503,1805,1651,2400,2195
2006-03-01,1884,1713,1860,1692,1533,1394,1390,1264,1605,1460,1806,1642,2684,2441,1844,1677,1703,1549,1911,1738,2433,2213
2006-04-01,1970,1776,1921,1732,1576,1421,1478,1333,1438,1297,1868,1684,2900,2615,1913,1725,1799,1622,1919,1730,2517,2270
2006-05-01,2043,1833,1984,1780,1700,1525,1533,1376,1794,1610,1907,1711,2982,2676,1939,1740,1863,1672,1972,1769,2609,2341
2006-06-01,2131,1908,2158,1933,1777,1591,1651,1478,1868,1673,1923,1722,3169,2838,1970,1764,1935,1733,2033,1821,2658,2380
2006-07-01,2231,1992,2281,2037,1901,1697,1693,1512,1999,1785,1988,1775,3222,2877,2151,1921,2047,1828,2174,1941,2719,2428
2006-08-01,2347,2091,2390,2130,1948,1736,1723,1535,2100,1871,2103,1874,3521,3138,2268,2021,2178,1941,2322,2069,2800,2495
2006-09-01,2464,2207,2509,2247,2013,1803,1832,1641,2205,1975,2264,2027,3689,3304,2316,2074,2246,2011,2508,2246,2937,2630
2006-10-01,2603,2344,2701,2432,2145,1931,1968,1772,2361,2126,2344,2111,3782,3405,2401,2162,2379,2142,2572,2316,3221,2900
2006-11-01,2739,2470,2794,2519,2222,2004,2013,1815,2440,2200,2499,2253,3991,3599,2595,2340,2491,2246,2711,2445,3490,3147
2006-12-01,2858,2573,2860,2575,2307,2077,2067,1861,2506,2256,2678,2411,4186,3769,2743,2470,2548,2294,2851,2567,3680,3313
2007-01-01,2965,2662,2946,2644,2371,2128,2132,1914,2541,2281,2816,2528,4300,3860,2904,2607,2650,2379,2960,2657,3906,3506
2007-02-01,3042,2716,2987,2667,2421,2162,2192,1957,2595,2317,2905,2594,4417,3944,2975,2656,2719,2428,3098,2766,3991,3563
2007-03-01,3132,2771,3116,2757,2497,2209,2215,1960,2675,2367,3041,2691,4571,4045,3059,2707,2800,2478,3105,2747,4103,3630
2007-04-01,3181,2796,3138,2759,2543,2236,2284,2008,2727,2397,3052,2683,4634,4074,3126,2748,2856,2511,3134,2755,4185,3679
2007-05-01,3230,2822,3170,2770,2599,2271,2300,2010,2761,2412,3102,2710,4699,4106,3165,2765,2894,2529,3183,2781,4259,3721
2007-06-01,3253,2837,3199,2790,2628,2292,2338,2039,2800,2442,3119,2720,4705,4103,3194,2785,2907,2535,3199,2790,4281,3733
2007-07-01,3287,2867,3247,2832,2671,2330,2344,2045,2811,2452,3159,2756,4792,4180,3209,2799,2919,2546,3217,2806,4306,3756
2007-08-01,3310,2893,3300,2884,2680,2342,2360,2062,2820,2464,3168,2769,4814,4207,3245,2836,2946,2575,3248,2838,4341,3794
2007-09-01,3334,2906,3320,2893,2697,2350,2376,2071,2841,2476,3181,2772,4861,4236,3267,2847,2961,2581,3288,2866,4370,3808
2007-10-01,3357,2919,3345,2909,2708,2355,2415,2100,2890,2513,3201,2784,4865,4231,3279,2852,2984,2595,3321,2888,4398,3825
2007-11-01,3376,2919,3360,2905,2713,2345,2432,2102,2903,2510,3217,2781,4885,4223,3316,2867,3017,2608,3350,2896,4428,3828
2007-12-01,3400,2941,3278,2836,2725,2357,2460,2128,2914,2521,3241,2804,4963,4293,3346,2895,3052,2640,3370,2915,4499,3892
2008-01-01,3440,2961,3391,2919,2748,2366,2488,2142,2947,2537,3298,2839,4999,4303,3378,2908,3087,2657,3388,2916,4531,3900
2008-02-01,3458,2968,3501,3005,2750,2360,2503,2148,2955,2536,3337,2864,5038,4324,3407,2924,3094,2656,3360,2884,4516,3876
2008-03-01,3483,2964,3637,3095,2764,2352,2540,2161,2974,2531,3346,2847,5073,4317,3451,2937,3092,2631,3367,2865,4500,3829
2008-04-01,3495,2956,3706,3135,2771,2344,2566,2170,2981,2521,3356,2839,5111,4323,3479,2943,3061,2589,3354,2837,4497,3804
2008-05-01,3522,2954,3787,3176,2775,2328,2616,2194,3016,2530,3412,2862,5179,4344,3482,2921,3057,2564,3345,2806,4491,3767
2008-06-01,3528,2930,3816,3169,2780,2308,2648,2199,3028,2514,3427,2846,5191,4311,3490,2898,3039,2524,3323,2759,4485,3724
2008-07-01,3542,2926,3844,3175,2784,2300,2679,2213,3040,2511,3485,2879,5206,4300,3510,2899,3030,2503,3321,2743,4480,3701
2008-08-01,3564,2956,3914,3246,2776,2302,2703,2242,3045,2525,3536,2933,5273,4373,3574,2964,3026,2510,3320,2753,4475,3711
2008-09-01,3629,3014,3856,3202,2822,2344,2730,2267,3067,2547,3669,3047,5572,4628,3529,2931,3078,2556,3288,2731,4571,3796
2008-10-01,3622,3039,3854,3233,2813,2360,2739,2298,3064,2571,3935,3301,5574,4676,3492,2930,3089,2592,3280,2752,4561,3827
2008-11-01,3596,3076,3811,3260,2816,2409,2751,2353,3031,2593,3579,3061,5527,4728,3468,2966,3059,2617,3251,2781,4536,3880
2008-12-01,3321,2870,3563,3079,2544,2199,2557,2210,2799,2419,3307,2858,5132,4436,3216,2780,2800,2420,3011,2602,4211,3640
2009-01-01,2297,1977,2304,1983,1800,1549,1788,1539,1906,1640,2248,1935,3741,3219,2065,1777,1890,1626,2107,1813,2911,2505
2009-02-01,2114,1810,2158,1848,1624,1391,1620,1387,1731,1482,2082,1783,3500,2997,1898,1625,1729,1481,1904,1630,2713,2323
2009-03-01,1880,1606,1927,1646,1414,1208,1418,1211,1503,1284,1841,1573,3219,2750,1657,1415,1532,1309,1673,1429,2437,2082
2009-04-01,1671,1424,1696,1445,1242,1058,1268,1080,1346,1147,1629,1388,2856,2434,1518,1293,1378,1174,1500,1278,2160,1841
2009-05-01,1518,1290,1530,1300,1096,931,1160,986,1212,1030,1486,1263,2604,2212,1401,1190,1263,1073,1376,1169,1979,1681
2009-06-01,1501,1264,1512,1274,1088,917,1142,962,1213,1022,1496,1260,2544,2143,1390,1171,1240,1045,1368,1152,1945,1638
2009-07-01,1494,1261,1506,1271,1100,928,1146,967,1219,1029,1493,1260,2512,2119,1379,1164,1224,1033,1347,1137,1937,1634
2009-08-01,1520,1280,1538,1295,1129,950,1182,995,1221,1028,1518,1278,2546,2143,1391,1171,1265,1065,1363,1147,1957,1648
2009-09-01,1513,1273,1524,1282,1122,944,1181,994,1200,1010,1493,1256,2545,2141,1392,1171,1260,1060,1361,1145,1964,1652
2009-10-01,1536,1291,1549,1302,1146,963,1180,992,1219,1025,1522,1279,2563,2154,1411,1186,1261,1060,1391,1169,2016,1694
2009-11-01,1567,1316,1584,1330,1171,984,1208,1015,1253,1052,1564,1314,2554,2145,1448,1216,1306,1097,1422,1194,2062,1732
2009-12-01,1635,1376,1652,1390,1228,1033,1278,1075,1323,1113,1632,1373,2644,2225,1506,1267,1348,1134,1488,1252,2153,1812
2010-01-01,1673,1403,1672,1402,1279,1072,1316,1104,1375,1153,1702,1427,2661,2231,1545,1296,1388,1164,1509,1265,2178,1826
2010-02-01,1675,1404,1676,1405,1281,1074,1317,1104,1378,1155,1702,1427,2660,2230,1547,1297,1390,1165,1513,1268,2183,1830
2010-03-01,1679,1402,1683,1405,1286,1074,1321,1103,1382,1154,1708,1426,2676,2234,1548,1292,1389,1160,1511,1262,2182,1822
2010-04-01,1686,1405,1691,1409,1292,1077,1323,1103,1384,1153,1711,1426,2688,2240,1556,1297,1396,1163,1519,1266,2192,1827
2010-05-01,1732,1442,1736,1446,1319,1098,1359,1132,1425,1187,1752,1459,2752,2292,1595,1328,1445,1203,1572,1309,2261,1883
2010-06-01,1790,1492,1793,1495,1367,1140,1407,1173,1484,1237,1805,1505,2851,2377,1651,1376,1496,1247,1616,1347,2320,1934
2010-07-01,1816,1514,1816,1514,1391,1159,1431,1193,1510,1259,1836,1530,2892,2410,1677,1398,1517,1264,1636,1364,2347,1956
2010-08-01,1793,1492,1779,1481,1369,1139,1419,1181,1500,1248,1823,1517,2855,2376,1650,1373,1495,1244,1615,1344,2320,1931
2010-09-01,1776,1477,1763,1466,1356,1128,1405,1169,1488,1238,1809,1505,2836,2359,1637,1362,1482,1233,1595,1327,2285,1901
2010-10-01,1802,1497,1787,1485,1384,1150,1428,1186,1507,1252,1834,1524,2865,2380,1652,1372,1496,1243,1614,1341,2333,1938
2010-11-01,1811,1504,1793,1489,1398,1161,1440,1196,1516,1259,1845,1532,2873,2386,1656,1375,1499,1245,1617,1343,2345,1947
2010-12-01,1806,1497,1791,1485,1395,1156,1436,1190,1511,1253,1842,1527,2873,2382,1647,1365,1489,1234,1610,1335,2332,1933
2011-01-01,1795,1481,1777,1466,1388,1145,1429,1179,1504,1241,1835,1514,2851,2352,1634,1348,1479,1220,1597,1318,2319,1913
2011-02-01,1788,1468,1771,1454,1383,1135,1426,1171,1502,1233,1828,1501,2839,2331,1629,1337,1472,1209,1591,1306,2312,1898
2011-03-01,1784,1451,1770,1439,1383,1125,1425,1159,1503,1222,1822,1481,2825,2297,1623,1320,1467,1193,1584,1288,2304,1873
2011-04-01,1789,1445,1775,1434,1385,1119,1430,1155,1509,1219,1826,1475,2833,2289,1629,1316,1471,1188,1591,1285,2311,1867
2011-05-01,1797,1445,1790,1439,1391,1119,1444,1161,1514,1217,1830,1472,2841,2284,1637,1316,1480,1190,1600,1287,2319,1865
2011-06-01,1807,1455,1797,1447,1398,1125,1456,1172,1524,1227,1834,1476,2853,2297,1653,1331,1487,1197,1611,1297,2335,1880
2011-07-01,1817,1461,1798,1446,1411,1135,1468,1181,1541,1239,1829,1471,2873,2311,1655,1331,1497,1204,1607,1292,2357,1896
2011-08-01,1823,1462,1798,1442,1418,1137,1475,1183,1543,1238,1808,1450,2906,2331,1634,1311,1528,1226,1585,1271,2380,1909
2011-09-01,1833,1468,1802,1443,1410,1129,1457,1167,1535,1229,1841,1474,2949,2362,1651,1322,1535,1229,1622,1299,2386,1911
2011-10-01,1826,1465,1774,1424,1420,1140,1436,1152,1557,1249,1815,1457,2977,2389,1675,1344,1513,1214,1591,1277,2354,1889
2011-11-01,1821,1463,1750,1406,1432,1150,1420,1140,1574,1264,1797,1443,3001,2410,1687,1355,1497,1202,1565,1257,2327,1869
2011-12-01,1819,1465,1734,1396,1442,1161,1419,1143,1589,1279,1777,1431,3020,2432,1699,1368,1486,1196,1546,1245,2313,1862
2012-01-01,1833,1469,1770,1419,1432,1148,1438,1153,1599,1282,1814,1454,3006,2410,1689,1354,1512,1212,1571,1259,2342,1877
2012-02-01,1845,1473,1796,1433,1424,1137,1456,1162,1608,1283,1844,1472,2999,2394,1674,1336,1536,1226,1596,1274,2375,1896
2012-03-01,1858,1472,1820,1442,1416,1122,1477,1170,1615,1279,1874,1484,2992,2370,1661,1316,1560,1236,1618,1282,2405,1905
2012-04-01,1858,1467,1799,1421,1435,1133,1491,1177,1601,1264,1895,1496,2966,2342,1681,1327,1570,1240,1637,1293,2376,1876
2012-05-01,1859,1470,1776,1404,1448,1145,1500,1186,1591,1258,1909,1509,2944,2328,1700,1344,1583,1252,1651,1305,2364,1869
2012-06-01,1859,1472,1760,1394,1460,1156,1510,1196,1577,1249,1924,1523,2911,2305,1716,1359,1593,1261,1673,1325,2351,1862
2012-07-01,1861,1476,1749,1387,1476,1171,1520,1205,1566,1242,1937,1536,2889,2291,1736,1377,1601,1270,1694,1343,2328,1846
2012-08-01,1862,1469,1728,1363,1488,1174,1530,1207,1554,1226,1952,1540,2862,2257,1755,1384,1617,1275,1711,1349,2314,1825
2012-09-01,1867,1466,1725,1354,1501,1179,1531,1202,1559,1224,1964,1542,2856,2243,1780,1398,1619,1271,1718,1349,2314,1817
2012-10-01,1878,1475,1737,1364,1523,1196,1520,1194,1584,1244,1975,1551,2881,2263,1793,1408,1608,1263,1704,1338,2330,1830
2012-11-01,1886,1489,1748,1380,1545,1219,1510,1192,1599,1262,1982,1564,2897,2286,1803,1423,1595,1259,1692,1335,2343,1849
2012-12-01,1896,1500,1766,1398,1553,1229,1510,1195,1611,1275,1993,1577,2925,2315,1823,1443,1594,1261,1682,1331,2355,1864
2013-01-01,1911,1508,1784,1408,1570,1239,1522,1201,1625,1282,2009,1585,2943,2322,1837,1449,1610,1270,1697,1339,2370,1870
2013-02-01,1924,1506,1792,1402,1585,1240,1530,1197,1636,1280,2026,1586,2962,2318,1841,1441,1623,1270,1706,1335,2386,1867
2013-03-01,1939,1514,1801,1406,1602,1251,1543,1204,1649,1287,2040,1592,2987,2332,1848,1443,1632,1274,1718,1341,2407,1879
2013-04-01,1956,1528,1817,1420,1618,1264,1552,1213,1664,1300,2056,1607,3008,2350,1861,1454,1659,1296,1730,1352,2425,1895
2013-05-01,1969,1536,1831,1428,1625,1268,1557,1214,1674,1306,2075,1619,3027,2361,1870,1459,1672,1304,1746,1362,2441,1904
2013-06-01,1975,1537,1833,1426,1635,1272,1565,1218,1675,1303,2080,1619,3041,2366,1870,1455,1674,1303,1751,1363,2447,1904
2013-07-01,1963,1527,1829,1423,1625,1264,1554,1209,1665,1295,2066,1607,3020,2349,1863,1449,1663,1294,1739,1353,2433,1892
2013-08-01,1946,1512,1812,1408,1605,1247,1543,1199,1652,1283,2047,1590,3002,2332,1853,1440,1645,1278,1726,1341,2415,1876
2013-09-01,1933,1500,1798,1395,1590,1234,1540,1195,1641,1273,2029,1575,2988,2319,1845,1432,1631,1266,1716,1332,2397,1860
2013-10-01,1926,1498,1797,1398,1581,1230,1536,1195,1634,1271,2022,1573,2979,2318,1839,1431,1625,1264,1713,1333,2385,1856
2013-11-01,1919,1496,1790,1395,1573,1226,1528,1191,1630,1271,2014,1570,2964,2311,1836,1431,1618,1261,1708,1332,2376,1852
2013-12-01,1909,1488,1777,1385,1561,1217,1521,1186,1620,1263,2006,1564,2949,2299,1831,1428,1606,1252,1702,1327,2369,1847
2014-01-01,1902,1477,1770,1375,1551,1205,1517,1178,1622,1260,2006,1558,2935,2280,1819,1413,1611,1251,1697,1318,2353,1828
2014-02-01,1898,1469,1762,1364,1546,1196,1512,1170,1632,1263,2010,1556,2924,2263,1808,1399,1621,1255,1692,1309,2336,1808
2014-03-01,1893,1456,1757,1351,1543,1187,1508,1160,1636,1258,2015,1549,2907,2235,1799,1383,1627,1251,1687,1297,2321,1785
2014-04-01,1885,1445,1748,1340,1536,1177,1496,1147,1643,1259,2022,1550,2892,2217,1782,1366,1634,1252,1675,1284,2291,1756
2014-05-01,1410,1077,1327,1014,1123,858,1145,875,1247,952,1498,1144,2173,1660,1323,1010,1224,935,1239,946,1726,1318
2014-06-01,1359,1036,1286,980,1080,823,1099,838,1200,915,1452,1107,2108,1607,1276,973,1186,904,1187,905,1646,1255
2014-07-01,1307,997,1228,937,1044,796,1081,824,1159,884,1390,1060,1974,1505,1241,946,1147,875,1146,874,1600,1220
2014-08-01,1281,979,1190,909,1018,778,1060,810,1125,859,1356,1036,1954,1493,1225,936,1122,857,1133,866,1578,1205
2014-09-01,1260,962,1177,898,998,762,1033,789,1123,857,1350,1031,1908,1456,1203,918,1104,843,1108,846,1549,1182
2014-10-01,1238,947,1158,886,990,758,1026,785,1095,838,1310,1003,1878,1437,1194,914,1094,837,1074,822,1511,1156
2014-11-01,1213,933,1137,875,983,756,1016,782,1078,829,1296,997,1819,1400,1162,894,1063,818,1047,806,1476,1136
2014-12-01,1210,936,1133,877,979,758,1014,785,1072,830,1293,1001,1816,1405,1158,896,1055,816,1045,809,1475,1141
2015-01-01,1205,937,1130,879,973,756,1012,787,1067,830,1290,1003,1809,1406,1154,897,1052,818,1039,808,1473,1145
2015-02-01,1202,930,1124,870,965,747,1010,782,1065,824,1287,996,1808,1400,1152,892,1047,810,1037,803,1472,1139
2015-03-01,1199,923,1122,863,960,739,1009,776,1063,818,1285,989,1806,1390,1150,885,1044,803,1035,796,1471,1132
2015-04-01,1197,919,1119,859,957,735,1008,774,1060,814,1284,986,1805,1386,1148,882,1042,800,1032,793,1470,1129
2015-05-01,1196,914,1118,854,954,729,1006,769,1059,809,1282,980,1803,1378,1147,876,1039,794,1032,789,1470,1123
2015-06-01,1194,909,1114,848,952,725,1005,765,1057,805,1281,975,1802,1372,1145,872,1037,790,1030,784,1469,1119
2015-07-01,1192,908,1112,847,950,723,1004,764,1053,802,1280,975,1799,1370,1144,871,1034,787,1028,783,1467,1117
2015-08-01,1189,907,1111,847,947,722,1003,765,1052,802,1278,974,1797,1370,1143,871,1031,786,1026,782,1466,1118
2015-09-01,1188,907,1109,847,944,721,1002,765,1050,802,1277,975,1794,1370,1141,871,1027,784,1024,782,1465,1119
2015-10-01,1186,906,1107,846,941,719,1001,765,1048,801,1275,974,1793,1370,1140,871,1024,782,1022,781,1464,1118
2015-11-01,1184,906,1105,846,938,718,999,765,1044,799,1274,975,1791,1371,1138,871,1023,783,1020,781,1463,1120
2015-12-01,1182,908,1104,848,935,718,998,767,1041,800,1272,977,1790,1375,1137,873,1022,785,1019,783,1462,1123
2016-01-01,1179,904,1099,843,933,716,997,765,1039,797,1270,974,1787,1371,1135,870,1018,781,1016,779,1461,1120
2016-02-01,1177,902,1097,841,928,711,997,764,1038,795,1269,972,1785,1368,1133,868,1017,779,1014,777,1460,1119
2016-03-01,1175,897,1095,836,926,707,996,760,1035,790,1268,968,1782,1360,1133,865,1013,773,1012,772,1459,1113
2016-04-01,1174,892,1093,830,923,701,995,756,1033,784,1267,962,1781,1353,1130,858,1011,768,1010,767,1458,1107
2016-05-01,1171,886,1091,825,919,695,994,752,1031,780,1265,957,1779,1346,1129,854,1007,762,1008,762,1457,1102
2016-06-01,1170,882,1088,820,916,691,992,748,1029,776,1263,952,1778,1340,1126,849,1005,758,1007,759,1456,1098
2016-07-01,1168,882,1086,820,913,689,992,749,1026,775,1262,953,1776,1341,1126,850,1004,758,1006,760,1455,1099
2016-08-01,1166,880,1084,818,912,688,990,747,1025,773,1262,952,1774,1338,1124,848,1003,757,1003,757,1453,1096
2016-09-01,1165,877,1083,815,911,686,990,745,1025,771,1260,948,1774,1335,1124,846,1000,753,1002,754,1453,1094
2016-10-01,1165,876,1083,814,909,683,989,743,1023,769,1260,947,1773,1333,1124,845,1000,752,1001,752,1452,1091
2016-11-01,1164,876,1083,815,908,684,989,745,1021,769,1259,948,1772,1334,1123,845,999,752,1001,754,1452,1093
2016-12-01,1163,875,1082,814,906,682,989,744,1020,768,1259,948,1772,1334,1122,844,998,751,999,752,1451,1092
2017-01-01,1160,868,1077,806,902,675,988,739,1016,760,1257,941,1770,1324,1119,837,995,744,996,745,1450,1085
2017-02-01,1152,859,1070,798,892,665,981,732,1006,750,1252,934,1761,1314,1116,832,987,736,990,738,1444,1077
2017-03-01,1144,853,1061,791,886,660,976,727,1000,745,1246,929,1749,1303,1109,827,976,727,976,727,1439,1072
2017-04-01,1138,846,1057,785,878,652,972,722,991,736,1237,919,1744,1296,1098,816,971,722,975,724,1431,1063
2017-05-01,1135,843,1053,782,874,649,969,719,991,736,1235,917,1741,1293,1098,815,968,719,974,723,1429,1061
2017-06-01,1131,839,1048,777,872,647,966,717,983,729,1232,914,1735,1287,1095,812,963,714,970,720,1425,1057
2017-07-01,1123,834,1040,772,861,639,960,713,974,723,1223,908,1727,1282,1088,808,957,710,960,713,1418,1053
2017-08-01,1115,825,1031,763,851,630,954,706,971,719,1216,900,1716,1270,1080,799,947,701,956,708,1411,1044
2017-09-01,1107,815,1022,752,843,621,950,699,964,710,1209,890,1707,1257,1074,791,938,691,948,698,1403,1033
2017-10-01,1101,811,1014,747,839,618,941,693,955,703,1203,886,1701,1253,1066,785,932,687,941,693,1398,1030
2017-11-01,1093,805,1008,743,826,608,939,692,949,699,1195,880,1690,1245,1061,782,923,680,936,689,1391,1025
2017-12-01,1093,806,1007,742,824,607,939,692,949,699,1195,881,1690,1246,1061,782,923,680,936,690,1391,1025
2018-01-01,1089,798,1005,737,820,601,936,686,945,693,1190,872,1687,1237,1057,775,918,673,934,685,1386,1016
2018-02-01,1085,792,1001,730,817,596,934,682,942,687,1187,866,1681,1227,1053,768,914,667,929,678,1382,1009
2018-03-01,1081,787,997,726,813,592,931,678,940,684,1184,862,1677,1221,1049,764,911,663,924,673,1379,1004
2018-04-01,1078,782,992,719,809,587,929,674,936,679,1180,856,1673,1213,1047,759,908,658,922,669,1378,999
2018-05-01,1075,776,989,714,805,581,925,668,931,672,1177,850,1669,1205,1043,753,904,653,917,662,1375,993
2018-06-01,1071,772,986,711,802,578,923,666,927,668,1175,847,1663,1199,1042,751,900,649,916,660,1372,989
2018-07-01,1071,772,986,711,802,578,923,665,927,668,1175,847,1663,1199,1042,751,900,649,916,660,1372,989
2018-08-01,1071,772,986,711,802,578,923,665,927,668,1175,847,1663,1198,1042,751,900,649,916,660,1372,989
2018-09-01,1065,767,980,705,798,574,918,661,922,664,1170,842,1656,1192,1034,744,894,643,909,654,1366,983
2018-10-01,1058,760,971,698,786,565,914,657,918,660,1162,835,1644,1181,1026,737,888,638,904,650,1359,976
2018-11-01,1052,758,965,696,780,562,908,655,910,656,1157,834,1639,1182,1023,738,881,635,898,647,1355,977
2018-12-01,1049,759,962,696,776,561,906,655,907,656,1154,835,1635,1182,1022,739,880,636,893,646,1352,978
2019-01-01,1045,754,958,692,771,557,904,653,903,652,1149,829,1630,1177,1017,734,876,632,890,642,1348,973
2019-02-01,1041,748,956,687,766,551,902,648,897,645,1147,824,1626,1169,1014,729,872,627,887,638,1346,968
2019-03-01,1038,742,951,680,765,547,899,643,895,640,1145,818,1622,1159,1010,722,866,619,885,633,1341,959
2019-04-01,1035,736,947,673,761,541,896,637,893,635,1140,811,1618,1150,1009,717,863,614,882,627,1338,951
2019-05-01,1032,732,944,670,758,538,894,634,889,631,1137,807,1614,1145,1006,714,860,610,880,624,1336,948
2019-06-01,1031,731,944,670,758,538,894,634,889,631,1137,807,1613,1144,1007,714,860,610,880,624,1336,948
2019-07-01,1028,728,940,666,755,535,893,632,886,627,1133,802,1608,1139,1004,711,854,605,877,621,1332,943
2019-08-01,1026,727,937,664,751,532,891,631,886,627,1130,800,1605,1137,1001,709,853,604,874,619,1330,942
2019-09-01,1021,723,932,660,747,529,887,628,879,622,1128,798,1597,1130,998,706,849,601,870,616,1328,940
2019-10-01,1018,719,929,656,743,525,885,625,877,619,1124,794,1596,1127,995,703,848,599,867,612,1325,936
2019-11-01,1015,717,927,655,739,522,881,622,872,616,1122,793,1591,1124,991,700,843,596,866,612,1322,934
2019-12-01,1011,715,924,653,735,520,878,621,869,614,1118,791,1589,1124,989,699,839,593,862,609,1319,933
2020-01-01,1018,717,931,656,743,523,884,623,876,617,1125,792,1595,1123,994,700,846,596,866,610,1323,932
2020-02-01,1024,719,937,658,748,525,887,623,881,619,1130,794,1604,1127,1000,702,853,599,872,613,1331,935
2020-03-01,1030,725,941,662,755,531,891,627,887,624,1135,799,1614,1136,1006,708,859,605,878,618,1336,940
2020-04-01,1031,731,943,668,756,536,893,633,889,630,1137,806,1614,1144,1007,714,859,609,879,623,1337,948
2020-05-01,1031,731,943,668,756,536,893,633,889,630,1137,806,1614,1144,1007,714,859,609,879,623,1337,947
2020-06-01,1032,727,943,665,756,533,894,630,890,627,1138,802,1615,1138,1007,710,859,605,880,620,1337,942
2020-07-01,1039,729,952,668,766,537,898,630,900,631,1144,802,1621,1137,1013,710,865,607,887,622,1343,942
2020-08-01,1045,731,957,669,772,540,904,632,906,633,1149,803,1630,1139,1021,714,873,610,893,624,1348,942
2020-09-01,1052,734,964,673,778,543,908,634,909,635,1156,807,1640,1145,1025,716,880,614,897,626,1356,947
2020-10-01,1053,735,965,673,779,544,909,634,911,636,1159,809,1643,1146,1026,716,880,614,898,627,1357,947
2020-11-01,1056,737,969,677,781,545,911,636,914,638,1162,811,1645,1149,1030,719,883,617,901,629,1361,950
2020-12-01,1060,739,974,679,788,550,914,638,918,640,1164,812,1650,1151,1033,721,889,620,904,631,1367,954
2021-01-01,1067,741,977,679,797,554,919,638,923,641,1172,814,1660,1153,1038,721,896,622,910,632,1373,954
2021-02-01,1074,742,986,681,804,555,924,638,930,642,1175,812,1669,1153,1044,721,902,623,917,633,1380,953
2021-03-01,1080,741,993,681,808,554,929,637,939,644,1184,812,1676,1150,1050,720,909,624,921,632,1386,951
2021-04-01,1083,737,997,678,814,554,930,633,941,640,1187,808,1678,1142,1053,716,911,620,923,628,1388,944
2021-05-01,1085,732,998,674,815,550,932,629,943,637,1188,802,1679,1133,1054,711,912,616,927,626,1389,938
2021-06-01,1087,727,1000,669,817,546,935,625,944,631,1190,796,1682,1125,1056,706,913,611,929,621,1391,930
2021-07-01,1088,724,1004,668,818,544,936,623,946,630,1192,793,1683,1120,1059,705,914,608,929,618,1392,926
2021-08-01,1090,724,1007,669,819,544,937,622,947,629,1194,793,1684,1118,1060,704,917,609,931,618,1394,926
2021-09-01,1092,723,1009,668,822,544,939,622,950,629,1196,792,1686,1117,1061,703,919,609,933,618,1397,925
2021-10-01,1093,718,1010,664,823,541,940,618,950,624,1198,787,1687,1108,1062,698,921,605,935,614,1398,918
2021-11-01,1095,716,1010,660,826,540,940,614,951,622,1199,784,1689,1104,1065,696,922,603,936,612,1400,915
2021-12-01,1097,715,1014,661,827,539,942,614,953,621,1201,783,1691,1102,1066,695,925,603,938,611,1403,914
2022-01-01,1099,710,1014,655,828,535,943,609,954,617,1203,777,1694,1095,1067,690,927,599,939,607,1405,908
2022-02-01,1100,704,1015,650,831,532,944,605,957,613,1205,772,1698,1087,1069,685,929,595,940,602,1405,900
2022-03-01,1102,696,1016,642,833,526,944,597,961,607,1205,762,1702,1076,1070,676,932,589,942,595,1406,889
2022-04-01,1104,694,1018,640,836,525,946,595,962,605,1206,758,1704,1071,1071,673,934,587,942,592,1407,884
2022-05-01,1104,686,1018,633,836,520,946,588,962,598,1206,750,1704,1059,1071,666,934,581,942,586,1407,875
2022-06-01,1105,678,1019,625,838,514,947,581,963,591,1207,740,1705,1046,1072,657,933,572,943,578,1408,863
2022-07-01,1107,679,1021,626,840,515,949,582,965,592,1209,741,1707,1047,1073,658,935,573,945,580,1411,865
2022-08-01,1109,680,1023,628,842,517,950,583,966,593,1210,742,1708,1048,1076,660,936,574,947,581,1412,866
2022-09-01,1111,680,1026,628,844,517,952,583,967,592,1213,743,1711,1047,1077,659,939,575,949,581,1413,865
2022-10-01,1113,679,1027,626,848,517,953,581,971,592,1214,740,1713,1044,1079,658,942,574,950,579,1417,864
2022-11-01,1115,681,1027,627,850,519,954,582,970,592,1217,743,1714,1046,1081,660,944,576,952,581,1418,865
2022-12-01,1116,683,1029,630,850,520,954,584,971,594,1220,747,1716,1051,1081,662,948,580,953,583,1420,869
2023-01-01,1118,679,1031,626,852,517,956,581,973,591,1223,743,1717,1043,1083,658,948,576,955,580,1421,863
2023-02-01,1120,676,1032,623,856,517,957,578,975,589,1223,739,1718,1038,1085,655,951,574,958,579,1421,858
2023-03-01,1121,675,1034,622,856,515,958,577,976,588,1224,737,1722,1037,1087,654,951,572,959,577,1424,857
2023-04-01,1123,673,1037,621,858,514,960,575,979,586,1225,734,1728,1035,1088,652,954,571,961,576,1425,854
2023-05-01,1125,672,1039,621,859,513,961,574,982,587,1226,732,1730,1034,1090,651,956,571,961,574,1425,851
2023-06-01,1126,671,1040,619,860,512,962,573,984,586,1227,731,1731,1031,1090,649,957,570,962,573,1427,850
2023-07-01,1128,670,1043,620,859,511,964,573,987,587,1229,731,1737,1032,1091,648,958,569,962,572,1427,848
2023-08-01,1128,668,1044,618,859,508,966,572,988,585,1231,729,1739,1029,1092,646,959,568,961,569,1428,845
2023-09-01,1130,667,1045,617,860,508,967,571,989,584,1235,729,1740,1027,1096,647,960,567,963,568,1432,845
2023-10-01,1132,669,1045,617,861,508,969,572,989,584,1237,731,1745,1031,1097,648,961,568,964,569,1433,846
2023-11-01,1135,672,1046,619,868,514,971,575,992,587,1239,733,1747,1034,1101,652,964,570,967,572,1435,849
2023-12-01,1137,673,1046,620,870,515,971,575,995,589,1241,735,1749,1036,1101,652,965,572,970,575,1438,852
2024-01-01,1138,670,1047,617,874,515,972,573,996,587,1246,734,1746,1029,1101,649,967,570,970,571,1439,848
2024-02-01,1140,667,1051,615,875,512,973,570,996,583,1248,731,1750,1025,1102,645,969,567,974,570,1439,843
2024-03-01,1143,665,1057,615,878,511,974,567,999,581,1249,727,1751,1019,1104,642,970,564,978,569,1442,839
2024-04-01,1145,664,1059,614,883,512,976,566,1002,581,1247,723,1755,1017,1105,640,975,565,979,567,1443,836
2024-05-01,1146,663,1062,614,882,510,978,566,1005,581,1248,722,1756,1016,1107,640,978,566,981,568,1444,835
